scrap_date,install_date,install_ym,install_quarter,install_year,install_date_ambiguous,days_in_service,part_code,bladder_type,cause,target_life,bladder_life,diagnose,bladder_id,status
2025-11-15,2024-01-08,2024-01,2024Q1,2024.0,True,677.0,B-TU-002,Turnup,Leak,570.0,969.0,Pass,1/8/2024_22222,ทิ้ง
2024-11-13,2024-02-10,2024-02,2024Q1,2024.0,True,277.0,B-MT-006,MTG,Leak,400.0,530.0,Pass,2/10/2024_81034,ทิ้ง
2024-11-17,2024-04-10,2024-04,2024Q2,2024.0,True,221.0,B-TU-004,Turnup,Leak,400.0,468.0,Pass,4/10/2024_3212,ทิ้ง
2024-08-29,2024-05-06,2024-05,2024Q2,2024.0,True,115.0,B-TU-012,Turnup,Leak,290.0,254.0,Abnormal,5/6/2024_65735,ทิ้ง
2024-11-25,2024-05-11,2024-05,2024Q2,2024.0,True,198.0,B-TU-004,Turnup,Leak,400.0,577.0,Pass,5/11/2024_20153,ทิ้ง
2025-08-11,2024-05-18,2024-05,2024Q2,2024.0,False,450.0,B-TU-001,Turnup,Deform,450.0,5832.0,Pass,5/18/2024_11741,ทิ้ง
2024-09-16,2024-05-18,2024-05,2024Q2,2024.0,False,121.0,B-TU-001,Turnup,Deform,450.0,533.0,Pass,5/18/2024_1139,ทิ้ง
2024-08-21,2024-05-25,2024-05,2024Q2,2024.0,False,88.0,B-TU-002,Turnup,Leak,570.0,530.0,Abnormal,25/5/2024_9314,ทิ้ง
2025-01-10,2024-06-10,2024-06,2024Q2,2024.0,True,214.0,B-PU-001,Push,Leak,1525.0,3727.0,Pass,6/10/2024_2117,ทิ้ง
2025-03-09,2024-06-10,2024-06,2024Q2,2024.0,True,272.0,B-PU-001,Push,Leak,1525.0,5680.0,Pass,6/10/2024_2317,ทิ้ง
2025-08-08,2024-06-10,2024-06,2024Q2,2024.0,True,424.0,B-TU-001,Turnup,Deform,450.0,2443.0,Pass,6/10/2024_81827,ทิ้ง
2024-11-06,2024-06-10,2024-06,2024Q2,2024.0,True,149.0,B-TU-003,Turnup,Deform,830.0,472.0,Abnormal,6/10/2024_81734,ทิ้ง
2024-08-30,2024-06-16,2024-06,2024Q2,2024.0,False,75.0,B-MT-001,MTG,,890.0,338.0,Abnormal,6/16/2024_22353,ทิ้ง
2024-08-30,2024-06-17,2024-06,2024Q2,2024.0,False,74.0,B-TU-007,Turnup,Leak,540.0,34.0,Abnormal,6/17/2024_19913,ทิ้ง
2024-08-11,2024-07-03,2024-07,2024Q3,2024.0,True,39.0,B-MT-006,MTG,Leak,400.0,53.0,Abnormal,7/3/2024_202958,ทิ้ง
2024-10-20,2024-07-09,2024-07,2024Q3,2024.0,True,103.0,B-TU-007,Turnup,Tear,540.0,449.0,Abnormal,7/9/2024_101040,ทิ้ง
2024-12-24,2024-07-11,2024-07,2024Q3,2024.0,True,166.0,B-TU-003,Turnup,Deform,830.0,813.0,Abnormal,7/11/2024_13758,ทิ้ง
2024-10-06,2024-07-13,2024-07,2024Q3,2024.0,False,85.0,B-TU-005,Turnup,Leak,680.0,637.0,Abnormal,7/13/2024_23109,ทิ้ง
2024-11-13,2024-07-16,2024-07,2024Q3,2024.0,False,120.0,B-TU-009,Turnup,Deform,1000.0,1101.0,Pass,7/16/2024_95326,ทิ้ง
2024-09-12,2024-07-19,2024-07,2024Q3,2024.0,False,55.0,B-TU-007,Turnup,Deform,540.0,354.0,Abnormal,19/7/2024_104459,ทิ้ง
2024-08-29,2024-07-20,2024-07,2024Q3,2024.0,False,40.0,B-MT-006,MTG,Flabby,400.0,160.0,Abnormal,7/20/2024_2198,ทิ้ง
2026-01-25,2024-07-22,2024-07,2024Q3,2024.0,False,552.0,B-MT-004,MTG,Leak,630.0,812.0,Pass,7/22/2024_213453,ทิ้ง
2024-09-09,2024-07-26,2024-07,2024Q3,2024.0,False,45.0,B-TU-006,Turnup,Leak,1110.0,747.0,Abnormal,26/7/2024_16236,ทิ้ง
2024-08-28,2024-07-27,2024-07,2024Q3,2024.0,False,32.0,B-TU-004,Turnup,Leak,400.0,297.0,Abnormal,27/7/2024_18217,ทิ้ง
2025-10-02,2024-08-06,2024-08,2024Q3,2024.0,True,422.0,B-TU-009,Turnup,Leak,1000.0,6634.0,Pass,8/6/2024_103810,ทิ้ง
2024-09-20,2024-08-09,2024-08,2024Q3,2024.0,True,42.0,B-MT-001,MTG,Leak,890.0,237.0,Abnormal,8/9/2024_142830,ทิ้ง
2024-10-11,2024-08-10,2024-08,2024Q3,2024.0,True,62.0,B-TU-009,Turnup,Burn out,1000.0,73.0,Abnormal,8/10/2024_95329,ทิ้ง
2024-10-02,2024-08-11,2024-08,2024Q3,2024.0,True,52.0,B-MT-006,MTG,Leak,400.0,492.0,Pass,8/11/2024_124237,ทิ้ง
2024-08-20,2024-08-13,2024-08,2024Q3,2024.0,False,7.0,B-TU-007,Turnup,Leak,540.0,279.0,Abnormal,8/13/2024_153411,ทิ้ง
2024-10-08,2024-08-16,2024-08,2024Q3,2024.0,False,53.0,B-TU-009,Turnup,Burn out,1000.0,814.0,Abnormal,16/8/2024_153147,ทิ้ง
2024-09-27,2024-08-19,2024-08,2024Q3,2024.0,False,39.0,B-TU-004,Turnup,Leak,400.0,198.0,Abnormal,19/8/2024_92227,ทิ้ง
2024-09-25,2024-08-19,2024-08,2024Q3,2024.0,False,37.0,B-TU-004,Turnup,Deform,400.0,143.0,Abnormal,19/8/2024_92123,ทิ้ง
2024-11-02,2024-08-19,2024-08,2024Q3,2024.0,False,75.0,B-TU-002,Turnup,Deform,570.0,436.0,Abnormal,19/8/2024_201811,ทิ้ง
2024-09-08,2024-08-21,2024-08,2024Q3,2024.0,False,18.0,B-TU-007,Turnup,Deform,540.0,374.0,Abnormal,8/21/2024_25731,ทิ้ง
2025-06-23,2024-08-22,2024-08,2024Q3,2024.0,False,305.0,B-TU-008,Turnup,Leak,440.0,3127.0,Pass,8/22/2024_5269,ทิ้ง
2025-07-02,2024-08-22,2024-08,2024Q3,2024.0,False,314.0,B-TU-002,Turnup,Leak,570.0,2682.0,Pass,8/22/2024_2569,ทิ้ง
2024-09-28,2024-08-22,2024-08,2024Q3,2024.0,False,37.0,B-TU-004,Turnup,Leak,400.0,388.0,Abnormal,8/22/2024_13593,ทิ้ง
2025-06-04,2024-08-23,2024-08,2024Q3,2024.0,False,285.0,B-TU-010,Turnup,Leak,300.0,3423.0,Pass,23/8/2024_72034,ทิ้ง
2025-01-28,2024-08-23,2024-08,2024Q3,2024.0,False,158.0,B-PU-003,Push,Leak,630.0,1139.0,Pass,23/8/2024_7197,ทิ้ง
2025-06-04,2024-08-23,2024-08,2024Q3,2024.0,False,285.0,B-PU-003,Push,Leak,630.0,3423.0,Pass,23/8/2024_7226,ทิ้ง
2025-06-04,2024-08-23,2024-08,2024Q3,2024.0,False,285.0,B-TU-010,Turnup,Leak,300.0,2979.0,Pass,23/8/2024_71459,ทิ้ง
2025-06-04,2024-08-24,2024-08,2024Q3,2024.0,False,284.0,B-MT-003,MTG,Leak,630.0,7783.0,Pass,8/24/2024_7419,ทิ้ง
2025-01-09,2024-08-25,2024-08,2024Q3,2024.0,False,137.0,B-TU-009,Turnup,Leak,1000.0,3475.0,Pass,8/25/2024_10038,ทิ้ง
2024-09-12,2024-08-28,2024-08,2024Q3,2024.0,False,15.0,B-TU-007,Turnup,Leak,540.0,354.0,Abnormal,8/28/2024_204430,ทิ้ง
2024-09-23,2024-08-29,2024-08,2024Q3,2024.0,False,25.0,B-TU-012,Turnup,Leak,290.0,673.0,Pass,8/29/2024_14227,ทิ้ง
2024-10-13,2024-08-31,2024-08,2024Q3,2024.0,False,43.0,B-MT-001,MTG,Leak,890.0,1151.0,Pass,8/31/2024_01442,ทิ้ง
2024-09-13,2024-09-03,2024-09,2024Q3,2024.0,True,10.0,B-TU-010,Turnup,Deform,300.0,218.0,Abnormal,9/3/2024_141949,ทิ้ง
2025-07-15,2024-09-05,2024-09,2024Q3,2024.0,True,313.0,B-PU-004,Push,Leak,450.0,4984.0,Pass,9/5/2024_93846,ทิ้ง
2025-05-17,2024-09-05,2024-09,2024Q3,2024.0,True,254.0,B-PU-004,Push,Leak,450.0,3451.0,Pass,9/5/2024_105039,ทิ้ง
2025-01-11,2024-09-05,2024-09,2024Q3,2024.0,True,128.0,B-PU-004,Push,Leak,450.0,1895.0,Pass,9/5/2024_9406,ทิ้ง
2026-05-03,2024-09-07,2024-09,2024Q3,2024.0,True,603.0,B-TU-010,Turnup,Leak,300.0,7186.0,Pass,9/7/2024_162042,ทิ้ง
2025-10-03,2024-09-07,2024-09,2024Q3,2024.0,True,391.0,B-PU-003,Push,Leak,630.0,4811.0,Pass,9/7/2024_161822,ทิ้ง
2024-09-16,2024-09-08,2024-09,2024Q3,2024.0,True,8.0,B-TU-007,Turnup,Deform,540.0,217.0,Abnormal,9/8/2024_162112,ทิ้ง
2024-10-23,2024-09-09,2024-09,2024Q3,2024.0,True,44.0,B-TU-006,Turnup,Leak,1110.0,1214.0,Pass,9/9/2024_85552,ทิ้ง
2026-04-20,2024-09-09,2024-09,2024Q3,2024.0,True,588.0,B-PU-004,Push,Leak,450.0,5076.0,Pass,9/9/2024_134121,ทิ้ง
2024-10-06,2024-09-09,2024-09,2024Q3,2024.0,True,27.0,B-TU-001,Turnup,Deform,450.0,442.0,Abnormal,9/9/2024_133743,ทิ้ง
2026-04-20,2024-09-09,2024-09,2024Q3,2024.0,True,588.0,B-TU-001,Turnup,Deform,450.0,5076.0,Pass,9/9/2024_133920,ทิ้ง
2024-10-25,2024-09-10,2024-09,2024Q3,2024.0,True,45.0,B-TU-005,Turnup,Leak,680.0,978.0,Pass,9/10/2024_21053,ทิ้ง
2024-09-24,2024-09-11,2024-09,2024Q3,2024.0,True,13.0,B-TU-012,Turnup,Leak,290.0,144.0,Abnormal,11/9/2024_142759,ทิ้ง
2024-09-13,2024-09-11,2024-09,2024Q3,2024.0,True,2.0,B-TU-007,Turnup,Deform,540.0,49.0,Abnormal,9/11/2024_153128,ทิ้ง
2024-10-18,2024-09-13,2024-09,2024Q3,2024.0,False,35.0,B-TU-007,Turnup,Deform,540.0,226.0,Abnormal,9/13/2024_4190,ทิ้ง
2026-01-29,2024-09-13,2024-09,2024Q3,2024.0,False,503.0,B-TU-010,Turnup,Leak,300.0,2936.0,Pass,9/13/2024_221528,ทิ้ง
2024-10-06,2024-09-14,2024-09,2024Q3,2024.0,False,22.0,B-TU-003,Turnup,Deform,830.0,578.0,Abnormal,14/9/2024_102612,ทิ้ง
2024-12-17,2024-09-14,2024-09,2024Q3,2024.0,False,94.0,B-TU-007,Turnup,Deform,540.0,1026.0,Pass,9/14/2024_1531,ทิ้ง
2024-12-03,2024-09-14,2024-09,2024Q3,2024.0,False,80.0,B-PU-002,Push,Leak,1680.0,1381.0,Abnormal,14/9/2024_103236,ทิ้ง
2024-12-11,2024-09-16,2024-09,2024Q3,2024.0,False,86.0,B-TU-001,Turnup,Deform,450.0,1247.0,Pass,9/16/2024_152341,ทิ้ง
2024-10-04,2024-09-16,2024-09,2024Q3,2024.0,False,18.0,B-TU-007,Turnup,Deform,540.0,218.0,Abnormal,9/16/2024_93643,ทิ้ง
2025-01-06,2024-09-17,2024-09,2024Q3,2024.0,False,111.0,B-PU-004,Push,Leak,450.0,1751.0,Pass,9/17/2024_15246,ทิ้ง
2024-11-12,2024-09-18,2024-09,2024Q3,2024.0,False,55.0,B-TU-003,Turnup,Deform,830.0,1106.0,Pass,18/9/2024_133923,ทิ้ง
2024-11-06,2024-09-19,2024-09,2024Q3,2024.0,False,48.0,B-TU-002,Turnup,Deform,570.0,537.0,Abnormal,9/19/2024_18219,ทิ้ง
2024-12-16,2024-09-20,2024-09,2024Q3,2024.0,False,87.0,B-MT-001,MTG,Leak,890.0,1392.0,Pass,20/9/2024_95635,ทิ้ง
2024-10-08,2024-09-24,2024-09,2024Q3,2024.0,False,14.0,B-TU-004,Turnup,Leak,400.0,498.0,Pass,24/9/2024_195814,ทิ้ง
2024-10-25,2024-09-24,2024-09,2024Q3,2024.0,False,31.0,B-TU-012,Turnup,Leak,290.0,243.0,Abnormal,9/24/2024_61915,ทิ้ง
2024-10-16,2024-09-25,2024-09,2024Q3,2024.0,False,21.0,B-TU-004,Turnup,Leak,400.0,360.0,Abnormal,9/25/2024_13125,ทิ้ง
2024-10-08,2024-09-28,2024-09,2024Q3,2024.0,False,10.0,B-TU-004,Turnup,Tear,400.0,361.0,Abnormal,28/9/2024_194919,ทิ้ง
2024-10-03,2024-09-30,2024-09,2024Q3,2024.0,False,3.0,B-TU-004,Turnup,Deform,400.0,88.0,Abnormal,30/9/2024_11248,ทิ้ง
2026-01-13,2024-10-02,2024-10,2024Q4,2024.0,True,468.0,B-PU-004,Push,Leak,450.0,4807.0,Pass,10/2/2024_125952,ทิ้ง
2025-08-12,2024-10-02,2024-10,2024Q4,2024.0,True,314.0,B-TU-001,Turnup,Leak,450.0,2840.0,Pass,10/2/2024_125210,ทิ้ง
2024-10-31,2024-10-07,2024-10,2024Q4,2024.0,True,24.0,B-TU-005,Turnup,Leak,680.0,634.0,Abnormal,10/7/2024_53126,ทิ้ง
2024-12-02,2024-10-09,2024-10,2024Q4,2024.0,True,54.0,B-TU-004,Turnup,Leak,400.0,449.0,Pass,10/9/2024_21647,ทิ้ง
2024-11-28,2024-10-09,2024-10,2024Q4,2024.0,True,50.0,B-TU-004,Turnup,Deform,400.0,216.0,Abnormal,10/9/2024_21746,ทิ้ง
2024-10-26,2024-10-12,2024-10,2024Q4,2024.0,True,14.0,B-MT-006,MTG,Leak,400.0,366.0,Abnormal,12/10/2024_214420,ทิ้ง
2024-10-19,2024-10-13,2024-10,2024Q4,2024.0,False,6.0,B-TU-001,Turnup,Deform,450.0,129.0,Abnormal,13/10/2024_134145,ทิ้ง
2024-10-17,2024-10-13,2024-10,2024Q4,2024.0,False,4.0,B-TU-001,Turnup,Deform,450.0,83.0,Abnormal,10/13/2024_134611,ทิ้ง
2025-11-06,2024-10-16,2024-10,2024Q4,2024.0,False,386.0,B-PU-001,Push,Leak,1525.0,6373.0,Pass,10/16/2024_235650,ทิ้ง
2024-12-14,2024-10-17,2024-10,2024Q4,2024.0,False,58.0,B-PU-001,Push,Leak,1525.0,1299.0,Abnormal,10/17/2024_92942,ทิ้ง
2025-03-09,2024-10-17,2024-10,2024Q4,2024.0,False,143.0,B-TU-009,Turnup,Deform,1000.0,4591.0,Pass,10/17/2024_104242,ทิ้ง
2025-02-07,2024-10-18,2024-10,2024Q4,2024.0,False,112.0,B-MT-006,MTG,Leak,400.0,708.0,Pass,10/18/2024_23151,ทิ้ง
2024-10-26,2024-10-18,2024-10,2024Q4,2024.0,False,8.0,B-TU-001,Turnup,Deform,450.0,213.0,Abnormal,10/18/2024_54129,ทิ้ง
2024-10-25,2024-10-19,2024-10,2024Q4,2024.0,False,6.0,B-TU-001,Turnup,Deform,450.0,144.0,Abnormal,19/10/2024_153539,ทิ้ง
2024-12-20,2024-10-19,2024-10,2024Q4,2024.0,False,62.0,B-TU-007,Turnup,Leak,540.0,2434.0,Pass,10/19/2024_54644,ทิ้ง
2025-02-21,2024-10-21,2024-10,2024Q4,2024.0,False,123.0,B-TU-007,Turnup,Leak,540.0,3607.0,Pass,10/21/2024_04940,ทิ้ง
2025-02-08,2024-10-21,2024-10,2024Q4,2024.0,False,110.0,B-MT-004,MTG,Leak,630.0,970.0,Pass,21/10/2024_15822,ทิ้ง
2025-10-15,2024-10-23,2024-10,2024Q4,2024.0,False,357.0,B-TU-006,Turnup,Deform,1110.0,856.0,Abnormal,10/23/2024_102225,ทิ้ง
2024-10-30,2024-10-25,2024-10,2024Q4,2024.0,False,5.0,B-TU-005,Turnup,Leak,680.0,243.0,Abnormal,10/25/2024_124658,ทิ้ง
2024-10-28,2024-10-26,2024-10,2024Q4,2024.0,False,2.0,B-TU-012,Turnup,Leak,290.0,158.0,Abnormal,10/26/2024_6415,ทิ้ง
2025-05-17,2024-10-26,2024-10,2024Q4,2024.0,False,203.0,B-TU-001,Turnup,Deform,450.0,2754.0,Pass,10/26/2024_52625,ทิ้ง
2025-01-16,2024-10-26,2024-10,2024Q4,2024.0,False,82.0,B-MT-006,MTG,Leak,400.0,850.0,Pass,26/10/2024_11253,ทิ้ง
2024-11-08,2024-10-27,2024-10,2024Q4,2024.0,False,12.0,B-TU-001,Turnup,Deform,450.0,305.0,Abnormal,10/27/2024_24058,ทิ้ง
2024-11-12,2024-10-28,2024-10,2024Q4,2024.0,False,15.0,B-TU-012,Turnup,Leak,290.0,263.0,Abnormal,10/28/2024_195341,ทิ้ง
2024-12-25,2024-10-30,2024-10,2024Q4,2024.0,False,56.0,B-TU-005,Turnup,Leak,680.0,777.0,Pass,10/30/2024_202616,ทิ้ง
2025-01-10,2024-10-31,2024-10,2024Q4,2024.0,False,71.0,B-TU-005,Turnup,Leak,680.0,862.0,Pass,10/31/2024_192319,ทิ้ง
2024-12-01,2024-11-01,2024-11,2024Q4,2024.0,True,30.0,B-TU-012,Turnup,Leak,290.0,260.0,Abnormal,11/1/2024_18272,ทิ้ง
2024-11-13,2024-11-03,2024-11,2024Q4,2024.0,True,10.0,B-TU-002,Turnup,Leak,570.0,497.0,Abnormal,11/3/2024_22149,ทิ้ง
2024-11-15,2024-11-04,2024-11,2024Q4,2024.0,True,11.0,B-MT-006,MTG,Leak,400.0,292.0,Abnormal,11/4/2024_75841,ทิ้ง
2025-01-09,2024-11-07,2024-11,2024Q4,2024.0,True,63.0,B-TU-009,Turnup,Deform,1000.0,1736.0,Pass,11/7/2024_21656,ทิ้ง
2025-04-23,2024-11-08,2024-11,2024Q4,2024.0,True,166.0,B-TU-001,Turnup,Deform,450.0,1851.0,Pass,11/8/2024_1719,ทิ้ง
2024-12-28,2024-11-12,2024-11,2024Q4,2024.0,True,46.0,B-TU-012,Turnup,Leak,290.0,332.0,Pass,11/12/2024_124637,ทิ้ง
2025-01-11,2024-11-12,2024-11,2024Q4,2024.0,True,60.0,B-TU-001,Turnup,Deform,450.0,431.0,Abnormal,11/12/2024_23554,ทิ้ง
2024-12-24,2024-11-13,2024-11,2024Q4,2024.0,False,41.0,B-TU-002,Turnup,Deform,570.0,674.0,Pass,13/11/2024_185326,ทิ้ง
2024-12-21,2024-11-13,2024-11,2024Q4,2024.0,False,38.0,B-TU-009,Turnup,Deform,1000.0,1230.0,Pass,13/11/2024_163843,ทิ้ง
2025-01-28,2024-11-14,2024-11,2024Q4,2024.0,False,75.0,B-MT-006,MTG,Leak,400.0,671.0,Pass,11/14/2024_44258,ทิ้ง
2025-03-17,2024-11-17,2024-11,2024Q4,2024.0,False,120.0,B-TU-004,Turnup,Leak,400.0,645.0,Pass,11/17/2024_104113,ทิ้ง
2025-05-02,2024-11-26,2024-11,2024Q4,2024.0,False,157.0,B-TU-004,Turnup,Leak,400.0,842.0,Pass,11/26/2024_14510,ทิ้ง
2025-11-21,2024-11-28,2024-11,2024Q4,2024.0,False,358.0,B-TU-004,Turnup,Deform,400.0,1349.0,Pass,11/28/2024_13523,ทิ้ง
2025-01-03,2024-12-01,2024-12,2024Q4,2024.0,True,33.0,B-TU-012,Turnup,Leak,290.0,194.0,Abnormal,12/1/2024_144034,ทิ้ง
2025-02-09,2024-12-02,2024-12,2024Q4,2024.0,True,69.0,B-TU-004,Turnup,Leak,400.0,677.0,Pass,12/2/2024_185813,ทิ้ง
2024-12-08,2024-12-03,2024-12,2024Q4,2024.0,True,5.0,B-TU-011,Turnup,Leak,180.0,135.0,Abnormal,12/3/2024_14276,ทิ้ง
2024-12-15,2024-12-04,2024-12,2024Q4,2024.0,True,11.0,B-MT-008,MTG,Leak,420.0,255.0,Abnormal,12/4/2024_02540,ทิ้ง
2025-10-31,2024-12-09,2024-12,2024Q4,2024.0,True,326.0,B-TU-004,Turnup,Deform,400.0,643.0,Pass,12/9/2024_13012,ทิ้ง
2026-02-11,2024-12-11,2024-12,2024Q4,2024.0,True,427.0,B-TU-003,Turnup,Leak,830.0,1266.0,Pass,12/11/2024_9024,ทิ้ง
2026-03-07,2024-12-15,2024-12,2024Q4,2024.0,False,447.0,B-PU-001,Push,Leak,1525.0,8291.0,Pass,12/15/2024_55748,ทิ้ง
2025-03-07,2024-12-16,2024-12,2024Q4,2024.0,False,81.0,B-MT-001,MTG,Leak,890.0,1336.0,Pass,16/12/2024_91113,ทิ้ง
2026-01-23,2024-12-16,2024-12,2024Q4,2024.0,False,403.0,B-MT-008,MTG,Leak,420.0,409.0,Abnormal,"December 16, 2024_04649",ทิ้ง
2025-01-04,2024-12-17,2024-12,2024Q4,2024.0,False,18.0,B-MT-001,MTG,Leak,890.0,329.0,Abnormal,17/12/2024_22155,ทิ้ง
2025-04-04,2024-12-17,2024-12,2024Q4,2024.0,False,108.0,B-TU-007,Turnup,Leak,540.0,2822.0,Pass,12/17/2024_22330,ทิ้ง
2025-07-05,2024-12-20,2024-12,2024Q4,2024.0,False,197.0,B-TU-007,Turnup,Deform,540.0,3048.0,Pass,12/20/2024_22540,ทิ้ง
2026-06-19,2024-12-20,2024-12,2024Q4,2024.0,False,546.0,B-PU-003,Push,Leak,630.0,5076.0,Pass,12/20/2024_135038,ทิ้ง
2025-04-10,2024-12-21,2024-12,2024Q4,2024.0,False,110.0,B-TU-009,Turnup,Deform,1000.0,3501.0,Pass,12/21/2024_195352,ทิ้ง
2025-03-06,2024-12-24,2024-12,2024Q4,2024.0,False,72.0,B-TU-002,Turnup,Leak,570.0,1423.0,Pass,24/12/2024_213149,ทิ้ง
2025-09-10,2024-12-25,2024-12,2024Q4,2024.0,False,259.0,B-TU-010,Turnup,Deform,300.0,3022.0,Pass,25/12/2024_14125,ทิ้ง
2025-05-27,2024-12-25,2024-12,2024Q4,2024.0,False,153.0,B-TU-006,Turnup,Leak,1110.0,3170.0,Pass,25/12/2024_91546,ทิ้ง
2025-05-21,2024-12-25,2024-12,2024Q4,2024.0,False,147.0,B-TU-006,Turnup,Leak,1110.0,2880.0,Pass,25/12/2024_9137,ทิ้ง
2025-01-15,2024-12-25,2024-12,2024Q4,2024.0,False,21.0,B-TU-003,Turnup,Deform,830.0,437.0,Abnormal,25/12/2024_12943,ทิ้ง
2025-01-05,2024-12-28,2024-12,2024Q4,2024.0,False,8.0,B-TU-012,Turnup,Leak,290.0,144.0,Abnormal,12/28/2024_9953,ทิ้ง
2025-01-07,2025-01-04,2025-01,2025Q1,2025.0,True,3.0,B-TU-012,Turnup,Leak,290.0,208.0,Abnormal,1/4/2025_14921,ทิ้ง
2025-02-02,2025-01-06,2025-01,2025Q1,2025.0,True,27.0,B-TU-012,Turnup,Leak,290.0,419.0,Pass,6/1/2025_6479,ทิ้ง
2025-01-31,2025-01-07,2025-01,2025Q1,2025.0,True,24.0,B-TU-012,Turnup,Leak,290.0,195.0,Abnormal,7/1/2025_192316,ทิ้ง
2025-02-23,2025-01-09,2025-01,2025Q1,2025.0,True,45.0,B-TU-009,Turnup,Deform,1000.0,1390.0,Pass,1/9/2025_20525,ทิ้ง
2025-10-02,2025-01-09,2025-01,2025Q1,2025.0,True,266.0,B-PU-001,Push,Leak,1525.0,3883.0,Pass,1/9/2025_174238,ทิ้ง
2025-03-14,2025-01-09,2025-01,2025Q1,2025.0,True,64.0,B-TU-009,Turnup,Deform,1000.0,1902.0,Pass,1/9/2025_20433,ทิ้ง
2025-03-06,2025-01-10,2025-01,2025Q1,2025.0,True,55.0,B-TU-005,Turnup,Leak,680.0,1604.0,Pass,1/10/2025_81925,ทิ้ง
2025-02-08,2025-01-10,2025-01,2025Q1,2025.0,True,29.0,B-PU-001,Push,Leak,1525.0,968.0,Abnormal,1/10/2025_91514,ทิ้ง
2025-11-16,2025-01-11,2025-01,2025Q1,2025.0,True,309.0,B-TU-001,Turnup,Deform,450.0,4682.0,Pass,1/11/2025_154328,ทิ้ง
2025-11-13,2025-01-11,2025-01,2025Q1,2025.0,True,306.0,B-PU-004,Push,Leak,450.0,4605.0,Pass,1/11/2025_154442,ทิ้ง
2025-03-14,2025-01-13,2025-01,2025Q1,2025.0,False,60.0,B-TU-003,Turnup,Deform,830.0,848.0,Pass,13/1/2025_224514,ทิ้ง
2025-03-21,2025-01-15,2025-01,2025Q1,2025.0,False,65.0,B-TU-003,Turnup,Deform,830.0,977.0,Pass,15/1/2025_111027,ทิ้ง
2025-02-23,2025-01-16,2025-01,2025Q1,2025.0,False,38.0,B-TU-007,Turnup,Deform,540.0,61.0,Abnormal,16/1/2025_143221,ทิ้ง
2025-05-02,2025-01-20,2025-01,2025Q1,2025.0,False,102.0,B-TU-002,Turnup,Leak,570.0,1263.0,Pass,1/20/2025_92121,ทิ้ง
2025-02-03,2025-01-31,2025-01,2025Q1,2025.0,False,3.0,B-TU-012,Turnup,Leak,290.0,156.0,Abnormal,31/1/2025_212153,ทิ้ง
2025-02-13,2025-01-31,2025-01,2025Q1,2025.0,False,13.0,B-MT-005,MTG,Leak,400.0,300.0,Abnormal,31/1/2025_93058,ทิ้ง
2025-10-20,2025-02-07,2025-02,2025Q1,2025.0,True,255.0,B-TU-010,Turnup,Leak,300.0,2619.0,Pass,2/7/2025_45235,ทิ้ง
2025-10-20,2025-02-07,2025-02,2025Q1,2025.0,True,255.0,B-PU-003,Push,Leak,630.0,2619.0,Pass,2/7/2025_44947,ทิ้ง
2025-07-23,2025-02-08,2025-02,2025Q1,2025.0,True,165.0,B-PU-001,Push,Leak,1525.0,5349.0,Pass,2/8/2025_83857,ทิ้ง
2026-02-07,2025-02-09,2025-02,2025Q1,2025.0,True,363.0,B-MT-007,MTG,Leak,630.0,1764.0,Pass,2/9/2025_12150,ทิ้ง
2025-11-03,2025-02-09,2025-02,2025Q1,2025.0,True,267.0,B-TU-004,Turnup,Leak,400.0,354.0,Abnormal,2/9/2025_122458,ทิ้ง
2026-03-24,2025-02-11,2025-02,2025Q1,2025.0,True,406.0,B-MT-002,MTG,Leak,630.0,8590.0,Pass,2/11/2025_7247,ทิ้ง
2025-02-16,2025-02-12,2025-02,2025Q1,2025.0,True,4.0,B-TU-012,Turnup,Leak,290.0,175.0,Abnormal,2/12/2025_171852,ทิ้ง
2025-02-15,2025-02-12,2025-02,2025Q1,2025.0,True,3.0,B-TU-012,Turnup,Leak,290.0,134.0,Abnormal,2/12/2025_171716,ทิ้ง
2025-02-19,2025-02-13,2025-02,2025Q1,2025.0,False,6.0,B-MT-005,MTG,Leak,400.0,162.0,Abnormal,13/2/2025_151119,ทิ้ง
2025-03-20,2025-02-20,2025-02,2025Q1,2025.0,False,28.0,B-MT-006,MTG,Leak,400.0,739.0,Pass,20/2/2025_3718,ทิ้ง
2025-07-01,2025-02-21,2025-02,2025Q1,2025.0,False,130.0,B-TU-007,Turnup,Leak,540.0,1605.0,Pass,2/21/2025_231932,ทิ้ง
2025-03-04,2025-02-23,2025-02,2025Q1,2025.0,False,9.0,B-TU-007,Turnup,Deform,540.0,325.0,Abnormal,2/23/2025_16043,ทิ้ง
2025-04-10,2025-02-25,2025-02,2025Q1,2025.0,False,44.0,B-TU-007,Turnup,Deform,540.0,564.0,Pass,2/25/2025_1090,ทิ้ง
2025-06-29,2025-02-26,2025-02,2025Q1,2025.0,False,123.0,B-PU-001,Push,Leak,1525.0,3944.0,Pass,2/26/2025_115417,ทิ้ง
2025-03-10,2025-02-28,2025-02,2025Q1,2025.0,False,10.0,B-TU-005,Turnup,Leak,680.0,406.0,Abnormal,2/28/2025_182649,ทิ้ง
2025-07-22,2025-03-06,2025-03,2025Q1,2025.0,True,138.0,B-TU-005,Turnup,Deform,680.0,1946.0,Pass,3/6/2025_141956,ทิ้ง
2025-03-20,2025-03-07,2025-03,2025Q1,2025.0,False,13.0,B-MT-001,MTG,Leak,890.0,359.0,Abnormal,"March 7, 2025_202429",ทิ้ง
2025-07-26,2025-03-07,2025-03,2025Q1,2025.0,True,141.0,B-MT-006,MTG,Leak,400.0,363.0,Abnormal,3/7/2025_105417,ทิ้ง
2025-06-27,2025-03-10,2025-03,2025Q1,2025.0,True,109.0,B-TU-005,Turnup,Leak,680.0,1394.0,Pass,10/3/2025_142928,ทิ้ง
2025-04-30,2025-03-10,2025-03,2025Q1,2025.0,True,51.0,B-TU-009,Turnup,Deform,1000.0,1558.0,Pass,3/10/2025_01558,ทิ้ง
2025-06-05,2025-03-14,2025-03,2025Q1,2025.0,False,83.0,B-TU-009,Turnup,Burn out,1000.0,370.0,Abnormal,14/3/2025_11733,ทิ้ง
2025-05-16,2025-03-14,2025-03,2025Q1,2025.0,False,63.0,B-TU-009,Turnup,Deform,1000.0,214.0,Abnormal,3/14/2025_9646,ทิ้ง
2025-05-01,2025-03-17,2025-03,2025Q1,2025.0,False,45.0,B-TU-004,Turnup,Leak,400.0,422.0,Pass,3/17/2025_142558,ทิ้ง
2025-04-27,2025-03-20,2025-03,2025Q1,2025.0,False,38.0,B-MT-006,MTG,Leak,400.0,481.0,Pass,20/3/2025_132753,ทิ้ง
2025-07-23,2025-03-21,2025-03,2025Q1,2025.0,False,124.0,B-TU-003,Turnup,Deform,830.0,535.0,Abnormal,21/3/2025_154741,ทิ้ง
2025-10-18,2025-03-22,2025-03,2025Q1,2025.0,False,210.0,B-TU-002,Turnup,Leak,570.0,2784.0,Pass,3/22/2025_165240,ทิ้ง
2025-03-26,2025-03-23,2025-03,2025Q1,2025.0,False,3.0,B-TU-012,Turnup,Leak,290.0,158.0,Abnormal,3/23/2025_95026,ทิ้ง
2025-05-29,2025-03-23,2025-03,2025Q1,2025.0,False,67.0,B-TU-009,Turnup,Deform,1000.0,1321.0,Pass,3/23/2025_16543,ทิ้ง
2025-09-17,2025-03-24,2025-03,2025Q1,2025.0,False,177.0,B-MT-001,MTG,Leak,890.0,1735.0,Pass,24/3/2025_143022,ทิ้ง
2025-03-27,2025-03-24,2025-03,2025Q1,2025.0,False,3.0,B-TU-012,Turnup,Leak,290.0,170.0,Abnormal,3/24/2025_111840,ทิ้ง
2025-08-01,2025-03-25,2025-03,2025Q1,2025.0,False,129.0,B-PU-002,Push,Leak,1680.0,397.0,Abnormal,3/25/2025_153521,ทิ้ง
2025-07-15,2025-03-27,2025-03,2025Q1,2025.0,False,110.0,B-TU-012,Turnup,Leak,290.0,279.0,Abnormal,27/3/2025_18373,ทิ้ง
2025-04-29,2025-03-29,2025-03,2025Q1,2025.0,False,31.0,B-MT-006,MTG,Leak,400.0,704.0,Pass,3/29/2025_153350,ทิ้ง
2025-05-22,2025-04-10,2025-04,2025Q2,2025.0,True,42.0,B-TU-009,Turnup,Deform,1000.0,1261.0,Pass,4/10/2025_18417,ทิ้ง
2025-04-17,2025-04-10,2025-04,2025Q2,2025.0,True,7.0,B-TU-007,Turnup,Tear,540.0,143.0,Abnormal,4/10/2025_8382,ทิ้ง
2025-12-19,2025-04-11,2025-04,2025Q2,2025.0,True,252.0,B-TU-007,Turnup,Leak,540.0,1716.0,Pass,4/11/2025_92131,ทิ้ง
2025-06-29,2025-04-17,2025-04,2025Q2,2025.0,False,73.0,B-TU-007,Turnup,Leak,540.0,2462.0,Pass,4/17/2025_131835,ทิ้ง
2025-04-18,2025-04-17,2025-04,2025Q2,2025.0,False,1.0,B-TU-007,Turnup,Deform,540.0,46.0,Abnormal,4/17/2025_104651,ทิ้ง
2025-06-09,2025-04-19,2025-04,2025Q2,2025.0,False,51.0,B-TU-007,Turnup,Deform,540.0,1414.0,Pass,19/4/2025_52218,ทิ้ง
2025-06-10,2025-04-24,2025-04,2025Q2,2025.0,False,47.0,B-MT-006,MTG,Leak,400.0,796.0,Pass,4/24/2025_144525,ทิ้ง
2025-04-27,2025-04-24,2025-04,2025Q2,2025.0,False,3.0,B-TU-001,Turnup,Deform,450.0,97.0,Abnormal,4/24/2025_15858,ทิ้ง
2025-07-28,2025-04-27,2025-04,2025Q2,2025.0,False,92.0,B-TU-001,Turnup,Deform,450.0,1410.0,Pass,27/4/2025_91842,ทิ้ง
2025-05-07,2025-04-28,2025-04,2025Q2,2025.0,False,9.0,B-MT-006,MTG,Leak,400.0,165.0,Abnormal,"April 28, 2025_01937",ทิ้ง
2025-09-13,2025-04-29,2025-04,2025Q2,2025.0,False,137.0,B-MT-002,MTG,Leak,630.0,1390.0,Pass,4/29/2025_161,ทิ้ง
2025-05-30,2025-04-30,2025-04,2025Q2,2025.0,False,30.0,B-TU-009,Turnup,Deform,1000.0,1006.0,Pass,4/30/2025_135913,ทิ้ง
2025-06-01,2025-05-02,2025-05,2025Q2,2025.0,True,30.0,B-TU-004,Turnup,Leak,400.0,409.0,Pass,5/2/2025_084,ทิ้ง
2025-06-05,2025-05-02,2025-05,2025Q2,2025.0,True,34.0,B-TU-004,Turnup,Leak,400.0,603.0,Pass,5/2/2025_213217,ทิ้ง
2025-08-16,2025-05-02,2025-05,2025Q2,2025.0,True,106.0,B-TU-002,Turnup,Leak,570.0,1627.0,Pass,5/2/2025_17129,ทิ้ง
2025-10-07,2025-05-03,2025-05,2025Q2,2025.0,True,157.0,B-MT-004,MTG,Tear,630.0,981.0,Pass,5/3/2025_101727,ทิ้ง
2026-07-10,2025-05-06,2025-05,2025Q2,2025.0,True,430.0,B-TU-004,Turnup,Leak,400.0,3113.0,Pass,5/6/2025_152735,ทิ้ง
2025-06-16,2025-05-07,2025-05,2025Q2,2025.0,False,40.0,B-MT-006,MTG,Leak,400.0,99.0,Abnormal,"May 7, 2025_12260",ทิ้ง
2025-09-18,2025-05-09,2025-05,2025Q2,2025.0,True,132.0,B-TU-012,Turnup,Leak,290.0,229.0,Abnormal,5/9/2025_1417,ทิ้ง
2025-09-10,2025-05-17,2025-05,2025Q2,2025.0,False,116.0,B-TU-001,Turnup,Deform,450.0,1761.0,Pass,5/17/2025_134856,ทิ้ง
2025-10-12,2025-05-21,2025-05,2025Q2,2025.0,False,144.0,B-TU-006,Turnup,Leak,1110.0,3445.0,Pass,5/21/2025_211910,ทิ้ง
2025-07-23,2025-05-23,2025-05,2025Q2,2025.0,False,61.0,B-TU-009,Turnup,Deform,1000.0,2064.0,Pass,5/23/2025_043,ทิ้ง
2025-06-24,2025-05-24,2025-05,2025Q2,2025.0,False,31.0,B-MT-006,MTG,Leak,400.0,310.0,Abnormal,"May 24, 2025_231059",ทิ้ง
2025-10-16,2025-05-27,2025-05,2025Q2,2025.0,False,142.0,B-TU-006,Turnup,Deform,1110.0,2776.0,Pass,5/27/2025_164428,ทิ้ง
2025-08-02,2025-05-29,2025-05,2025Q2,2025.0,False,65.0,B-TU-009,Turnup,Deform,1000.0,786.0,Abnormal,29/5/2025_102656,ทิ้ง
2025-06-23,2025-05-30,2025-05,2025Q2,2025.0,False,24.0,B-TU-009,Turnup,Deform,1000.0,803.0,Abnormal,5/30/2025_184928,ทิ้ง
2025-07-08,2025-06-01,2025-06,2025Q2,2025.0,True,37.0,B-TU-004,Turnup,Leak,400.0,1950.0,Pass,6/1/2025_201550,ทิ้ง
2026-02-12,2025-06-04,2025-06,2025Q2,2025.0,True,253.0,B-MT-003,MTG,Leak,630.0,3409.0,Pass,6/4/2025_213539,ทิ้ง
2026-06-25,2025-06-05,2025-06,2025Q2,2025.0,True,385.0,B-PU-003,Push,Leak,630.0,2988.0,Pass,6/5/2025_0140,ทิ้ง
2025-06-15,2025-06-10,2025-06,2025Q2,2025.0,True,5.0,B-TU-007,Turnup,Deform,540.0,306.0,Abnormal,6/10/2025_12923,ทิ้ง
2025-11-12,2025-06-11,2025-06,2025Q2,2025.0,True,154.0,B-TU-009,Turnup,Deform,1000.0,211.0,Abnormal,6/11/2025_101339,ทิ้ง
2025-07-03,2025-06-14,2025-06,2025Q2,2025.0,False,19.0,B-MT-006,MTG,Leak,400.0,528.0,Pass,14/6/2025_81659,ทิ้ง
2025-07-31,2025-06-16,2025-06,2025Q2,2025.0,False,45.0,B-TU-007,Turnup,Deform,540.0,1320.0,Pass,6/16/2025_04556,ทิ้ง
2025-08-12,2025-06-23,2025-06,2025Q2,2025.0,False,50.0,B-TU-009,Turnup,Deform,1000.0,1501.0,Pass,6/23/2025_212911,ทิ้ง
2025-07-14,2025-06-25,2025-06,2025Q2,2025.0,False,19.0,B-MT-006,MTG,Leak,400.0,349.0,Abnormal,25/6/2025_5512,ทิ้ง
2026-06-04,2025-06-26,2025-06,2025Q2,2025.0,False,343.0,B-PU-002,Push,Leak,1680.0,3059.0,Pass,6/26/2025_10413,ทิ้ง
2026-07-13,2025-06-27,2025-06,2025Q2,2025.0,False,381.0,B-TU-005,Turnup,Leak,680.0,1046.0,Pass,6/27/2025_18146,ทิ้ง
2025-07-24,2025-06-30,2025-06,2025Q2,2025.0,False,24.0,B-TU-007,Turnup,Deform,540.0,286.0,Abnormal,6/30/2025_35254,ทิ้ง
2025-10-17,2025-07-02,2025-07,2025Q3,2025.0,True,107.0,B-TU-002,Turnup,Leak,570.0,1673.0,Pass,7/2/2025_75453,ทิ้ง
2025-08-31,2025-07-05,2025-07,2025Q3,2025.0,True,57.0,B-TU-007,Turnup,Burn out,540.0,1375.0,Pass,7/5/2025_123222,ทิ้ง
2025-09-14,2025-07-09,2025-07,2025Q3,2025.0,True,67.0,B-TU-004,Turnup,Leak,400.0,1560.0,Pass,7/9/2025_04747,ทิ้ง
2025-08-11,2025-07-15,2025-07,2025Q3,2025.0,False,27.0,B-TU-012,Turnup,Leak,290.0,243.0,Abnormal,7/15/2025_151636,ทิ้ง
2025-08-11,2025-07-15,2025-07,2025Q3,2025.0,False,27.0,B-TU-012,Turnup,Tear,290.0,243.0,Abnormal,7/15/2025_141935,ทิ้ง
2026-04-12,2025-07-16,2025-07,2025Q3,2025.0,False,270.0,B-MT-001,MTG,Leak,890.0,1576.0,Pass,7/16/2025_165538,ทิ้ง
2025-08-11,2025-07-17,2025-07,2025Q3,2025.0,False,25.0,B-MT-006,MTG,Bad material,400.0,513.0,Pass,17/7/2025_18240,ทิ้ง
2025-07-29,2025-07-19,2025-07,2025Q3,2025.0,False,10.0,B-TU-003,Turnup,Deform,830.0,276.0,Abnormal,7/19/2025_17102,ทิ้ง
2025-09-23,2025-07-22,2025-07,2025Q3,2025.0,False,63.0,B-TU-005,Turnup,Leak,680.0,2013.0,Pass,7/22/2025_14440,ทิ้ง
2025-09-01,2025-07-23,2025-07,2025Q3,2025.0,False,40.0,B-TU-009,Turnup,Deform,1000.0,1190.0,Pass,7/23/2025_111157,ทิ้ง
2025-10-25,2025-07-23,2025-07,2025Q3,2025.0,False,94.0,B-TU-003,Turnup,Deform,830.0,1265.0,Pass,7/23/2025_92544,ทิ้ง
2026-06-02,2025-07-23,2025-07,2025Q3,2025.0,False,314.0,B-PU-001,Push,Leak,1525.0,6212.0,Pass,7/23/2025_111247,ทิ้ง
2025-07-31,2025-07-25,2025-07,2025Q3,2025.0,False,6.0,B-TU-007,Turnup,Deform,540.0,338.0,Abnormal,7/25/2025_55416,ทิ้ง
2025-08-20,2025-07-26,2025-07,2025Q3,2025.0,False,25.0,B-MT-006,MTG,Leak,400.0,350.0,Abnormal,"July 26, 2025_12307",ทิ้ง
2025-09-10,2025-07-28,2025-07,2025Q3,2025.0,False,44.0,B-TU-001,Turnup,Deform,450.0,829.0,Pass,7/28/2025_134437,ทิ้ง
2025-09-17,2025-07-29,2025-07,2025Q3,2025.0,False,50.0,B-TU-013,Turnup,Deform,830.0,641.0,Abnormal,7/29/2025_13107,ทิ้ง
2025-08-29,2025-07-31,2025-07,2025Q3,2025.0,False,29.0,B-TU-007,Turnup,Deform,540.0,479.0,Abnormal,7/31/2025_9145,ทิ้ง
2025-09-08,2025-07-31,2025-07,2025Q3,2025.0,False,39.0,B-TU-007,Turnup,Deform,540.0,977.0,Pass,7/31/2025_9348,ทิ้ง
2025-11-17,2025-08-02,2025-08,2025Q3,2025.0,True,107.0,B-TU-009,Turnup,Deform,1000.0,584.0,Abnormal,8/2/2025_23497,ทิ้ง
2025-08-16,2025-08-05,2025-08,2025Q3,2025.0,True,11.0,B-MT-006,MTG,Leak,400.0,223.0,Abnormal,8/5/2025_125257,ทิ้ง
2025-08-31,2025-08-06,2025-08,2025Q3,2025.0,True,25.0,B-MT-006,MTG,Leak,400.0,435.0,Pass,8/6/2025_163811,ทิ้ง
2025-08-27,2025-08-08,2025-08,2025Q3,2025.0,True,19.0,B-TU-001,Turnup,Deform,450.0,325.0,Abnormal,8/8/2025_17373,ทิ้ง
2025-08-31,2025-08-11,2025-08,2025Q3,2025.0,True,20.0,B-TU-012,Turnup,Leak,290.0,220.0,Abnormal,8/11/2025_194951,ทิ้ง
2025-08-14,2025-08-11,2025-08,2025Q3,2025.0,True,3.0,B-TU-012,Turnup,Leak,290.0,134.0,Abnormal,8/11/2025_19519,ทิ้ง
2025-09-15,2025-08-12,2025-08,2025Q3,2025.0,True,34.0,B-MT-006,MTG,Quality issue,400.0,443.0,Pass,12/8/2025_104636,ทิ้ง
2025-08-20,2025-08-12,2025-08,2025Q3,2025.0,True,8.0,B-TU-009,Turnup,Deform,1000.0,276.0,Abnormal,8/12/2025_144151,ทิ้ง
2026-01-18,2025-08-13,2025-08,2025Q3,2025.0,False,158.0,B-TU-001,Turnup,Deform,450.0,2079.0,Pass,13/8/2025_54229,ทิ้ง
2025-09-19,2025-08-14,2025-08,2025Q3,2025.0,False,36.0,B-PU-001,Push,Leak,1525.0,1136.0,Abnormal,8/14/2025_9595,ทิ้ง
2025-09-04,2025-08-14,2025-08,2025Q3,2025.0,False,21.0,B-TU-012,Turnup,Leak,290.0,257.0,Abnormal,8/14/2025_15222,ทิ้ง
2026-02-28,2025-08-15,2025-08,2025Q3,2025.0,False,197.0,B-TU-002,Turnup,Leak,570.0,4547.0,Pass,8/15/2025_133116,ทิ้ง
2026-02-11,2025-08-16,2025-08,2025Q3,2025.0,False,179.0,B-TU-002,Turnup,Leak,570.0,3734.0,Pass,8/16/2025_82123,ทิ้ง
2026-01-20,2025-08-20,2025-08,2025Q3,2025.0,False,153.0,B-TU-009,Turnup,Deform,1000.0,3393.0,Pass,8/20/2025_101642,ทิ้ง
2025-09-30,2025-08-26,2025-08,2025Q3,2025.0,False,35.0,B-TU-005,Turnup,Leak,680.0,1785.0,Pass,26/8/2025_115413,ทิ้ง
2025-10-15,2025-08-28,2025-08,2025Q3,2025.0,False,48.0,B-TU-001,Turnup,Deform,450.0,534.0,Pass,8/28/2025_01417,ทิ้ง
2025-08-31,2025-08-29,2025-08,2025Q3,2025.0,False,2.0,B-TU-007,Turnup,Bad material,540.0,79.0,Abnormal,8/29/2025_14036,ทิ้ง
2025-09-12,2025-08-29,2025-08,2025Q3,2025.0,False,14.0,B-MT-006,MTG,Leak,400.0,270.0,Abnormal,29/8/2025_21435,ทิ้ง
2025-09-15,2025-08-31,2025-08,2025Q3,2025.0,False,15.0,B-MT-006,MTG,Leak,400.0,295.0,Abnormal,8/31/2025_101735,ทิ้ง
2025-09-20,2025-08-31,2025-08,2025Q3,2025.0,False,20.0,B-TU-007,Turnup,Leak,540.0,1056.0,Pass,8/31/2025_214029,ทิ้ง
2025-11-23,2025-08-31,2025-08,2025Q3,2025.0,False,84.0,B-TU-007,Turnup,Leak,540.0,2864.0,Pass,8/31/2025_233659,ทิ้ง
2025-09-04,2025-09-01,2025-09,2025Q3,2025.0,True,3.0,B-TU-012,Turnup,Leak,290.0,171.0,Abnormal,9/1/2025_13851,ทิ้ง
2025-09-27,2025-09-02,2025-09,2025Q3,2025.0,True,25.0,B-TU-009,Turnup,Deform,1000.0,869.0,Abnormal,9/2/2025_51537,ทิ้ง
2025-09-18,2025-09-04,2025-09,2025Q3,2025.0,True,14.0,B-TU-012,Turnup,Leak,290.0,229.0,Abnormal,9/4/2025_11534,ทิ้ง
2025-11-04,2025-09-08,2025-09,2025Q3,2025.0,True,57.0,B-TU-007,Turnup,Deform,540.0,2201.0,Pass,9/8/2025_92640,ทิ้ง
2025-09-11,2025-09-10,2025-09,2025Q3,2025.0,True,1.0,B-TU-001,Turnup,Deform,450.0,21.0,Abnormal,9/10/2025_102354,ทิ้ง
2025-10-03,2025-09-10,2025-09,2025Q3,2025.0,True,23.0,B-TU-001,Turnup,Deform,450.0,535.0,Pass,9/10/2025_102122,ทิ้ง
2025-11-14,2025-09-11,2025-09,2025Q3,2025.0,True,64.0,B-TU-004,Turnup,Leak,400.0,439.0,Pass,9/11/2025_214521,ทิ้ง
2025-09-29,2025-09-11,2025-09,2025Q3,2025.0,True,18.0,B-TU-001,Turnup,Deform,450.0,426.0,Abnormal,9/11/2025_213447,ทิ้ง
2025-11-17,2025-09-12,2025-09,2025Q3,2025.0,True,66.0,B-TU-004,Turnup,Leak,400.0,441.0,Pass,9/12/2025_25832,ทิ้ง
2026-04-26,2025-09-13,2025-09,2025Q3,2025.0,False,225.0,B-MT-002,MTG,Flabby,630.0,4314.0,Pass,9/13/2025_81913,ทิ้ง
2025-11-16,2025-09-15,2025-09,2025Q3,2025.0,False,62.0,B-TU-004,Turnup,Leak,400.0,268.0,Abnormal,9/15/2025_05418,ทิ้ง
2025-11-15,2025-09-15,2025-09,2025Q3,2025.0,False,61.0,B-MT-006,MTG,Leak,400.0,536.0,Pass,9/15/2025_11915,ทิ้ง
2025-10-03,2025-09-16,2025-09,2025Q3,2025.0,False,17.0,B-MT-006,MTG,Leak,400.0,317.0,Abnormal,16/9/2025_135839,ทิ้ง
2025-10-25,2025-09-17,2025-09,2025Q3,2025.0,False,38.0,B-TU-003,Turnup,Deform,830.0,450.0,Abnormal,17/9/2025_1451,ทิ้ง
2025-10-05,2025-09-18,2025-09,2025Q3,2025.0,False,17.0,B-TU-012,Turnup,Leak,290.0,97.0,Abnormal,18/9/2025_105637,ทิ้ง
2026-04-19,2025-09-18,2025-09,2025Q3,2025.0,False,213.0,B-MT-001,MTG,Leak,890.0,1533.0,Pass,"September 18, 2025_52546",ทิ้ง
2025-10-08,2025-09-18,2025-09,2025Q3,2025.0,False,20.0,B-TU-012,Turnup,Leak,290.0,232.0,Abnormal,9/18/2025_224510,ทิ้ง
2025-09-28,2025-09-20,2025-09,2025Q3,2025.0,False,8.0,B-TU-007,Turnup,Deform,540.0,416.0,Abnormal,9/20/2025_234756,ทิ้ง
2025-11-01,2025-09-23,2025-09,2025Q3,2025.0,False,39.0,B-TU-005,Turnup,Leak,680.0,885.0,Pass,9/23/2025_234456,ทิ้ง
2026-01-15,2025-09-24,2025-09,2025Q3,2025.0,False,113.0,B-MT-006,MTG,Tear,400.0,811.0,Pass,24/9/2025_81727,ทิ้ง
2025-10-25,2025-09-28,2025-09,2025Q3,2025.0,False,27.0,B-TU-009,Turnup,Leak,1000.0,895.0,Abnormal,28/9/2025_0920,ทิ้ง
2025-10-21,2025-09-29,2025-09,2025Q3,2025.0,False,22.0,B-TU-001,Turnup,Deform,450.0,371.0,Abnormal,9/29/2025_135728,ทิ้ง
2025-11-03,2025-09-30,2025-09,2025Q3,2025.0,False,34.0,B-TU-005,Turnup,Deform,680.0,636.0,Abnormal,9/30/2025_92729,ทิ้ง
2025-11-01,2025-10-02,2025-10,2025Q4,2025.0,True,30.0,B-PU-001,Push,Leak,1525.0,992.0,Abnormal,10/2/2025_10326,ทิ้ง
2026-05-04,2025-10-02,2025-10,2025Q4,2025.0,True,214.0,B-TU-009,Turnup,Deform,1000.0,4657.0,Pass,10/2/2025_10224,ทิ้ง
2025-10-29,2025-10-03,2025-10,2025Q4,2025.0,True,26.0,B-MT-006,MTG,Leak,400.0,492.0,Pass,10/3/2025_114752,ทิ้ง
2025-10-23,2025-10-03,2025-10,2025Q4,2025.0,True,20.0,B-TU-001,Turnup,Deform,450.0,307.0,Abnormal,10/3/2025_234838,ทิ้ง
2025-10-09,2025-10-06,2025-10,2025Q4,2025.0,True,3.0,B-TU-012,Turnup,Leak,290.0,192.0,Abnormal,10/6/2025_6444,ทิ้ง
2025-10-09,2025-10-08,2025-10,2025Q4,2025.0,True,1.0,B-TU-012,Turnup,Tear,290.0,57.0,Abnormal,10/8/2025_212459,ทิ้ง
2025-10-14,2025-10-10,2025-10,2025Q4,2025.0,True,4.0,B-TU-012,Turnup,Leak,290.0,203.0,Abnormal,10/10/2025_44338,ทิ้ง
2026-01-29,2025-10-10,2025-10,2025Q4,2025.0,True,111.0,B-TU-012,Turnup,Leak,290.0,263.0,Abnormal,10/10/2025_44437,ทิ้ง
2025-11-01,2025-10-11,2025-10,2025Q4,2025.0,True,21.0,B-MT-006,MTG,Leak,400.0,492.0,Pass,10/11/2025_82153,ทิ้ง
2025-12-19,2025-10-11,2025-10,2025Q4,2025.0,True,69.0,B-TU-001,Turnup,Deform,450.0,375.0,Abnormal,10/11/2025_13125,ทิ้ง
2026-01-31,2025-10-14,2025-10,2025Q4,2025.0,False,109.0,B-TU-012,Turnup,Leak,290.0,170.0,Abnormal,10/14/2025_222143,ทิ้ง
2026-05-14,2025-10-15,2025-10,2025Q4,2025.0,False,211.0,B-TU-001,Turnup,Deform,450.0,1946.0,Pass,10/15/2025_212815,ทิ้ง
2026-01-25,2025-10-15,2025-10,2025Q4,2025.0,False,102.0,B-TU-006,Turnup,Leak,1110.0,1285.0,Pass,10/15/2025_16465,ทิ้ง
2026-01-05,2025-10-16,2025-10,2025Q4,2025.0,False,81.0,B-TU-006,Turnup,Tear,1110.0,982.0,Abnormal,10/16/2025_13352,ทิ้ง
2025-11-16,2025-10-18,2025-10,2025Q4,2025.0,False,29.0,B-TU-002,Turnup,Leak,570.0,423.0,Abnormal,10/18/2025_202935,ทิ้ง
2025-11-10,2025-10-21,2025-10,2025Q4,2025.0,False,20.0,B-TU-001,Turnup,Deform,450.0,371.0,Abnormal,21/10/2025_135022,ทิ้ง
2026-03-24,2025-10-23,2025-10,2025Q4,2025.0,False,152.0,B-TU-001,Turnup,Deform,450.0,1034.0,Pass,10/23/2025_212013,ทิ้ง
2025-11-05,2025-10-31,2025-10,2025Q4,2025.0,False,5.0,B-TU-004,Turnup,Leak,400.0,229.0,Abnormal,10/31/2025_172132,ทิ้ง
2025-12-03,2025-11-02,2025-11,2025Q4,2025.0,True,31.0,B-TU-005,Turnup,Leak,680.0,1163.0,Pass,11/2/2025_22333,ทิ้ง
2026-01-31,2025-11-02,2025-11,2025Q4,2025.0,True,90.0,B-PU-001,Push,Leak,1525.0,1682.0,Pass,11/2/2025_01144,ทิ้ง
2025-11-07,2025-11-03,2025-11,2025Q4,2025.0,True,4.0,B-TU-004,Turnup,Leak,400.0,231.0,Abnormal,11/3/2025_93142,ทิ้ง
2025-12-03,2025-11-04,2025-11,2025Q4,2025.0,True,29.0,B-TU-005,Turnup,Leak,680.0,1063.0,Pass,11/4/2025_2394,ทิ้ง
2025-11-16,2025-11-08,2025-11,2025Q4,2025.0,False,8.0,B-MT-006,MTG,Leak,400.0,221.0,Abnormal,"November 8, 2025_19050",ทิ้ง
2025-11-19,2025-11-08,2025-11,2025Q4,2025.0,True,11.0,B-TU-004,Turnup,Leak,400.0,494.0,Pass,11/8/2025_12751,ทิ้ง
2025-12-12,2025-11-12,2025-11,2025Q4,2025.0,True,30.0,B-TU-009,Turnup,Deform,1000.0,985.0,Abnormal,11/12/2025_202448,ทิ้ง
2026-01-16,2025-11-14,2025-11,2025Q4,2025.0,False,63.0,B-TU-004,Turnup,Tear,400.0,270.0,Abnormal,11/14/2025_19317,ทิ้ง
2026-01-12,2025-11-15,2025-11,2025Q4,2025.0,False,58.0,B-TU-002,Turnup,Leak,570.0,776.0,Pass,11/15/2025_184244,ทิ้ง
2026-04-07,2025-11-16,2025-11,2025Q4,2025.0,False,142.0,B-TU-002,Turnup,Leak,570.0,1532.0,Pass,16/11/2025_214855,ทิ้ง
2025-12-07,2025-11-17,2025-11,2025Q4,2025.0,False,20.0,B-TU-009,Turnup,Deform,1000.0,638.0,Abnormal,17/11/2025_19143,ทิ้ง
2025-12-20,2025-11-17,2025-11,2025Q4,2025.0,False,33.0,B-MT-001,MTG,Leak,890.0,840.0,Abnormal,17/11/2025_124053,ทิ้ง
2026-03-27,2025-11-17,2025-11,2025Q4,2025.0,False,130.0,B-TU-001,Turnup,Leak,450.0,1551.0,Pass,11/17/2025_21538,ทิ้ง
2025-12-13,2025-11-18,2025-11,2025Q4,2025.0,False,25.0,B-MT-006,MTG,Leak,400.0,405.0,Pass,11/18/2025_14550,ทิ้ง
2026-01-19,2025-11-19,2025-11,2025Q4,2025.0,False,61.0,B-TU-004,Turnup,Leak,400.0,257.0,Abnormal,11/19/2025_13654,ทิ้ง
2025-11-24,2025-11-20,2025-11,2025Q4,2025.0,False,4.0,B-TU-007,Turnup,Leak,540.0,161.0,Abnormal,11/20/2025_143618,ทิ้ง
2025-11-22,2025-11-20,2025-11,2025Q4,2025.0,False,2.0,B-TU-007,Turnup,Deform,540.0,71.0,Abnormal,11/20/2025_143534,ทิ้ง
2026-02-22,2025-11-21,2025-11,2025Q4,2025.0,False,93.0,B-TU-001,Turnup,Deform,450.0,1329.0,Pass,11/21/2025_95351,ทิ้ง
2025-11-27,2025-11-23,2025-11,2025Q4,2025.0,False,4.0,B-TU-007,Turnup,Deform,540.0,188.0,Abnormal,11/23/2025_74246,ทิ้ง
2025-11-30,2025-11-25,2025-11,2025Q4,2025.0,False,5.0,B-TU-007,Turnup,Deform,540.0,298.0,Abnormal,11/25/2025_11018,ทิ้ง
2025-12-03,2025-11-27,2025-11,2025Q4,2025.0,False,6.0,B-TU-007,Turnup,Deform,540.0,302.0,Abnormal,11/27/2025_11352,ทิ้ง
2026-06-04,2025-11-28,2025-11,2025Q4,2025.0,False,188.0,B-PU-001,Push,Leak,1525.0,3666.0,Pass,11/28/2025_162723,ทิ้ง
2025-12-03,2025-11-30,2025-11,2025Q4,2025.0,False,3.0,B-TU-007,Turnup,Deform,540.0,149.0,Abnormal,30/11/2025_85657,ทิ้ง
2026-06-11,2025-12-02,2025-12,2025Q4,2025.0,True,191.0,B-TU-007,Turnup,Leak,540.0,2575.0,Pass,12/2/2025_18337,ทิ้ง
2025-12-11,2025-12-03,2025-12,2025Q4,2025.0,True,8.0,B-TU-007,Turnup,Deform,540.0,352.0,Abnormal,12/3/2025_19142,ทิ้ง
2025-12-09,2025-12-03,2025-12,2025Q4,2025.0,True,6.0,B-TU-007,Turnup,Deform,540.0,252.0,Abnormal,12/3/2025_19329,ทิ้ง
2025-12-27,2025-12-04,2025-12,2025Q4,2025.0,True,23.0,B-TU-005,Turnup,Leak,680.0,934.0,Pass,12/4/2025_3154,ทิ้ง
2025-12-27,2025-12-04,2025-12,2025Q4,2025.0,True,23.0,B-TU-005,Turnup,Leak,680.0,934.0,Pass,12/4/2025_31429,ทิ้ง
2026-01-11,2025-12-07,2025-12,2025Q4,2025.0,True,35.0,B-TU-009,Turnup,Deform,1000.0,1056.0,Pass,12/7/2025_213522,ทิ้ง
2025-12-18,2025-12-10,2025-12,2025Q4,2025.0,True,8.0,B-TU-007,Turnup,Leak,540.0,438.0,Abnormal,12/10/2025_5254,ทิ้ง
2026-01-15,2025-12-12,2025-12,2025Q4,2025.0,True,34.0,B-TU-009,Turnup,Deform,1000.0,1024.0,Pass,12/12/2025_182637,ทิ้ง
2026-05-05,2025-12-12,2025-12,2025Q4,2025.0,True,144.0,B-TU-007,Turnup,Deform,540.0,2437.0,Pass,12/12/2025_11245,ทิ้ง
2026-01-08,2025-12-14,2025-12,2025Q4,2025.0,False,25.0,B-MT-006,MTG,Quality issue,400.0,643.0,Pass,"December 14, 2025_5117",ทิ้ง
2026-01-04,2025-12-18,2025-12,2025Q4,2025.0,False,17.0,B-TU-007,Turnup,Leak,540.0,635.0,Pass,12/18/2025_175158,ทิ้ง
2026-06-05,2025-12-19,2025-12,2025Q4,2025.0,False,168.0,B-TU-001,Turnup,Deform,450.0,605.0,Pass,12/19/2025_111023,ทิ้ง
2026-03-21,2025-12-20,2025-12,2025Q4,2025.0,False,91.0,B-MT-001,MTG,Leak,890.0,743.0,Abnormal,20/12/2025_174730,ทิ้ง
2026-01-19,2025-12-27,2025-12,2025Q4,2025.0,False,23.0,B-TU-005,Turnup,Leak,680.0,661.0,Abnormal,12/27/2025_17101,ทิ้ง
2026-01-07,2025-12-27,2025-12,2025Q4,2025.0,False,11.0,B-TU-005,Turnup,Leak,680.0,362.0,Abnormal,12/27/2025_171046,ทิ้ง
2026-01-20,2025-12-28,2025-12,2025Q4,2025.0,False,23.0,B-TU-003,Turnup,Deform,830.0,99.0,Abnormal,12/28/2025_183654,ทิ้ง
2026-05-16,2026-01-05,2026-01,2026Q1,2026.0,True,131.0,B-TU-006,Turnup,Leak,1110.0,5556.0,Pass,1/5/2026_84514,ทิ้ง
2026-01-10,2026-01-05,2026-01,2026Q1,2026.0,True,5.0,B-TU-007,Turnup,Deform,540.0,303.0,Abnormal,5/1/2026_0212,ทิ้ง
2026-01-19,2026-01-07,2026-01,2026Q1,2026.0,True,12.0,B-TU-005,Turnup,Tear,680.0,299.0,Abnormal,1/7/2026_105038,ทิ้ง
2026-01-13,2026-01-10,2026-01,2026Q1,2026.0,True,3.0,B-TU-007,Turnup,Deform,540.0,151.0,Abnormal,1/10/2026_225938,ทิ้ง
2026-03-19,2026-01-11,2026-01,2026Q1,2026.0,True,67.0,B-TU-009,Turnup,Leak,1000.0,1626.0,Pass,11/1/2026_17039,ทิ้ง
2026-02-10,2026-01-13,2026-01,2026Q1,2026.0,False,28.0,B-MT-006,MTG,Leak,400.0,388.0,Abnormal,13/1/2026_13449,ทิ้ง
2026-03-16,2026-01-13,2026-01,2026Q1,2026.0,False,62.0,B-TU-002,Turnup,Leak,570.0,266.0,Abnormal,1/13/2026_414,ทิ้ง
2026-05-10,2026-01-13,2026-01,2026Q1,2026.0,False,117.0,B-TU-007,Turnup,Tear,540.0,1270.0,Pass,13/1/2026_85740,ทิ้ง
2026-02-07,2026-01-15,2026-01,2026Q1,2026.0,False,23.0,B-MT-006,MTG,Leak,400.0,465.0,Pass,15/1/2026_133939,ทิ้ง
2026-01-22,2026-01-16,2026-01,2026Q1,2026.0,False,6.0,B-TU-004,Turnup,Leak,400.0,331.0,Abnormal,1/16/2026_8261,ทิ้ง
2026-02-15,2026-01-18,2026-01,2026Q1,2026.0,False,28.0,B-TU-001,Turnup,Deform,450.0,614.0,Pass,18/1/2026_94518,ทิ้ง
2026-01-24,2026-01-19,2026-01,2026Q1,2026.0,False,5.0,B-TU-004,Turnup,Leak,400.0,286.0,Abnormal,1/19/2026_141121,ทิ้ง
2026-01-25,2026-01-19,2026-01,2026Q1,2026.0,False,6.0,B-TU-005,Turnup,Leak,680.0,326.0,Abnormal,1/19/2026_141244,ทิ้ง
2026-02-20,2026-01-20,2026-01,2026Q1,2026.0,False,31.0,B-TU-003,Turnup,Deform,830.0,848.0,Pass,1/20/2026_8436,ทิ้ง
2026-05-20,2026-01-20,2026-01,2026Q1,2026.0,False,120.0,B-TU-009,Turnup,Leak,1000.0,1585.0,Pass,1/20/2026_171343,ทิ้ง
2026-02-27,2026-01-20,2026-01,2026Q1,2026.0,False,38.0,B-TU-005,Turnup,Leak,680.0,602.0,Abnormal,1/20/2026_64810,ทิ้ง
2026-02-14,2026-01-23,2026-01,2026Q1,2026.0,False,22.0,B-TU-004,Turnup,Leak,400.0,435.0,Pass,1/23/2026_4412,ทิ้ง
2026-03-09,2026-01-24,2026-01,2026Q1,2026.0,False,44.0,B-MT-008,MTG,Leak,420.0,893.0,Pass,1/24/2026_04359,ทิ้ง
2026-02-16,2026-01-24,2026-01,2026Q1,2026.0,False,23.0,B-TU-004,Turnup,Leak,400.0,423.0,Pass,24/1/2026_235912,ทิ้ง
2026-03-30,2026-01-25,2026-01,2026Q1,2026.0,False,64.0,B-MT-004,MTG,Leak,630.0,497.0,Abnormal,25/1/2026_165736,ทิ้ง
2026-03-19,2026-01-26,2026-01,2026Q1,2026.0,False,52.0,B-TU-006,Turnup,Tear,1110.0,1783.0,Pass,26/1/2026_6121,ทิ้ง
2026-03-08,2026-01-26,2026-01,2026Q1,2026.0,False,41.0,B-TU-005,Turnup,Leak,680.0,739.0,Pass,26/1/2026_13627,ทิ้ง
2026-02-02,2026-01-29,2026-01,2026Q1,2026.0,False,4.0,B-TU-012,Turnup,Leak,290.0,232.0,Abnormal,1/29/2026_132253,ทิ้ง
2026-02-04,2026-02-01,2026-02,2026Q1,2026.0,True,3.0,B-TU-012,Turnup,Leak,290.0,255.0,Abnormal,2/1/2026_5222,ทิ้ง
2026-02-09,2026-02-04,2026-02,2026Q1,2026.0,True,5.0,B-TU-012,Turnup,Leak,290.0,255.0,Abnormal,2/4/2026_18404,ทิ้ง
2026-02-09,2026-02-06,2026-02,2026Q1,2026.0,True,3.0,B-TU-012,Turnup,Leak,290.0,202.0,Abnormal,2/6/2026_03947,ทิ้ง
2026-02-12,2026-02-09,2026-02,2026Q1,2026.0,True,3.0,B-TU-012,Turnup,Leak,290.0,207.0,Abnormal,2/9/2026_13493,ทิ้ง
2026-02-12,2026-02-09,2026-02,2026Q1,2026.0,True,3.0,B-TU-012,Turnup,Leak,290.0,207.0,Abnormal,2/9/2026_13501,ทิ้ง
2026-03-15,2026-02-11,2026-02,2026Q1,2026.0,True,32.0,B-TU-002,Turnup,Leak,570.0,1446.0,Pass,11/2/2026_84221,ทิ้ง
2026-03-01,2026-02-11,2026-02,2026Q1,2026.0,True,18.0,B-TU-003,Turnup,Deform,830.0,514.0,Abnormal,2/11/2026_203143,ทิ้ง
2026-06-13,2026-02-12,2026-02,2026Q1,2026.0,True,121.0,B-TU-012,Turnup,Leak,290.0,218.0,Abnormal,2/12/2026_163856,ทิ้ง
2026-02-22,2026-02-15,2026-02,2026Q1,2026.0,False,7.0,B-TU-004,Turnup,Leak,400.0,508.0,Pass,2/15/2026_22123,ทิ้ง
2026-02-24,2026-02-17,2026-02,2026Q1,2026.0,False,7.0,B-TU-004,Turnup,Leak,400.0,531.0,Pass,2/17/2026_34149,ทิ้ง
2026-03-05,2026-02-20,2026-02,2026Q1,2026.0,False,13.0,B-MT-006,MTG,Leak,400.0,295.0,Abnormal,"February 20, 2026_103039",ทิ้ง
2026-05-16,2026-02-22,2026-02,2026Q1,2026.0,False,83.0,B-TU-001,Turnup,Deform,450.0,1673.0,Pass,2/22/2026_114649,ทิ้ง
2026-04-25,2026-02-22,2026-02,2026Q1,2026.0,False,62.0,B-TU-004,Turnup,Leak,400.0,480.0,Pass,2/22/2026_202420,ทิ้ง
2026-04-28,2026-02-24,2026-02,2026Q1,2026.0,False,63.0,B-TU-004,Turnup,Leak,400.0,548.0,Pass,2/24/2026_212810,ทิ้ง
2026-05-17,2026-02-27,2026-02,2026Q1,2026.0,False,79.0,B-TU-005,Turnup,Leak,680.0,1742.0,Pass,2/27/2026_213441,ทิ้ง
2026-04-26,2026-02-28,2026-02,2026Q1,2026.0,False,57.0,B-TU-002,Turnup,Tear,570.0,2335.0,Pass,2/28/2026_195846,ทิ้ง
2026-04-21,2026-02-28,2026-02,2026Q1,2026.0,False,52.0,B-TU-002,Turnup,Leak,570.0,1447.0,Pass,2/28/2026_104033,ทิ้ง
2026-03-15,2026-03-01,2026-03,2026Q1,2026.0,True,14.0,B-TU-013,Turnup,Deform,830.0,358.0,Abnormal,3/1/2026_211355,ทิ้ง
2026-05-06,2026-03-05,2026-03,2026Q1,2026.0,False,62.0,B-MT-006,MTG,Flabby,400.0,860.0,Pass,"March 5, 2026_163010",ทิ้ง
2026-04-02,2026-03-09,2026-03,2026Q1,2026.0,True,24.0,B-TU-005,Turnup,Leak,680.0,897.0,Pass,3/9/2026_04250,ทิ้ง
2026-04-16,2026-03-16,2026-03,2026Q1,2026.0,False,31.0,B-TU-002,Turnup,Leak,570.0,803.0,Pass,3/16/2026_183012,ทิ้ง
2026-04-07,2026-03-19,2026-03,2026Q1,2026.0,False,19.0,B-TU-009,Turnup,Deform,1000.0,645.0,Abnormal,3/19/2026_163332,ทิ้ง
2026-06-06,2026-03-24,2026-03,2026Q1,2026.0,False,74.0,B-TU-001,Turnup,Deform,450.0,315.0,Abnormal,24/3/2026_224240,ทิ้ง
2026-04-21,2026-03-26,2026-03,2026Q1,2026.0,False,26.0,B-MT-006,MTG,Quality issue,400.0,555.0,Pass,26/3/2026_171853,ทิ้ง
2026-05-25,2026-03-27,2026-03,2026Q1,2026.0,False,59.0,B-TU-001,Turnup,Deform,450.0,1181.0,Pass,27/3/2026_104525,ทิ้ง
2026-06-24,2026-04-19,2026-04,2026Q2,2026.0,False,66.0,B-MT-001,MTG,Leak,890.0,1092.0,Pass,19/4/2026_124234,ทิ้ง
2026-05-12,2026-04-21,2026-04,2026Q2,2026.0,False,21.0,B-MT-006,MTG,Leak,400.0,470.0,Pass,"April 21, 2026_13331",ทิ้ง
2026-06-24,2026-04-22,2026-04,2026Q2,2026.0,False,63.0,B-TU-002,Turnup,Leak,570.0,1511.0,Pass,4/22/2026_31650,ทิ้ง
2026-07-04,2026-04-25,2026-04,2026Q2,2026.0,False,70.0,B-TU-004,Turnup,Burn out,400.0,624.0,Pass,4/25/2026_153935,ทิ้ง
2026-07-09,2026-04-26,2026-04,2026Q2,2026.0,False,74.0,B-MT-002,MTG,Leak,630.0,830.0,Pass,4/26/2026_84044,ทิ้ง
2026-07-04,2026-04-26,2026-04,2026Q2,2026.0,False,69.0,B-TU-002,Turnup,Leak,570.0,1601.0,Pass,4/26/2026_204127,ทิ้ง
2026-05-19,2026-05-04,2026-05,2026Q2,2026.0,True,15.0,B-TU-009,Turnup,Deform,1000.0,515.0,Abnormal,5/4/2026_223915,ทิ้ง
2026-06-08,2026-05-12,2026-05,2026Q2,2026.0,False,27.0,B-MT-001,MTG,Leak,890.0,420.0,Abnormal,"May 12, 2026_175619",ทิ้ง
2026-06-30,2026-05-25,2026-05,2026Q2,2026.0,False,36.0,B-TU-001,Turnup,Deform,450.0,286.0,Abnormal,25/5/2026_231936,ทิ้ง
2026-06-04,2026-05-27,2026-05,2026Q2,2026.0,False,8.0,B-TU-005,Turnup,Tear,680.0,407.0,Abnormal,5/27/2026_84519,ทิ้ง
2026-06-23,2026-05-29,2026-05,2026Q2,2026.0,False,25.0,B-MT-006,MTG,Burn out,400.0,494.0,Pass,5/29/2026_123531,ทิ้ง
2026-05-29,2026-05-29,2026-05,2026Q2,2026.0,False,0.0,B-MT-006,MTG,Leak,400.0,15.0,Abnormal,5/29/2026_12740,ทิ้ง
2026-06-05,2026-06-02,2026-06,2026Q2,2026.0,True,3.0,B-PU-001,Push,Leak,1525.0,61.0,Abnormal,6/2/2026_202347,ทิ้ง
2026-07-12,2026-06-04,2026-06,2026Q2,2026.0,True,38.0,B-PU-001,Push,Leak,1525.0,1304.0,Abnormal,6/4/2026_82513,ทิ้ง
2026-06-11,2026-06-05,2026-06,2026Q2,2026.0,True,6.0,B-TU-001,Turnup,Deform,450.0,124.0,Abnormal,6/5/2026_162853,ทิ้ง
2026-06-17,2026-06-07,2026-06,2026Q2,2026.0,False,10.0,B-MT-006,MTG,Leak,400.0,316.0,Abnormal,"June 7, 2026_0307",ทิ้ง
2026-07-12,2026-06-11,2026-06,2026Q2,2026.0,True,31.0,B-TU-001,Turnup,Deform,450.0,663.0,Pass,11/6/2026_112121,ทิ้ง
2026-07-11,2026-06-11,2026-06,2026Q2,2026.0,True,30.0,B-TU-007,Turnup,Deform,540.0,1658.0,Pass,6/11/2026_172232,ทิ้ง
2026-06-16,2026-06-12,2026-06,2026Q2,2026.0,True,4.0,B-TU-012,Turnup,Leak,290.0,239.0,Abnormal,6/12/2026_231554,ทิ้ง
2026-06-17,2026-06-13,2026-06,2026Q2,2026.0,False,4.0,B-TU-012,Turnup,Leak,290.0,245.0,Abnormal,6/13/2026_162034,ทิ้ง
2026-06-20,2026-06-16,2026-06,2026Q2,2026.0,False,4.0,B-TU-012,Turnup,Leak,290.0,248.0,Abnormal,6/16/2026_175241,ทิ้ง
2026-07-08,2026-06-17,2026-06,2026Q2,2026.0,False,21.0,B-MT-006,MTG,Leak,400.0,459.0,Pass,"June 17, 2026_1187",ทิ้ง
2026-06-22,2026-06-17,2026-06,2026Q2,2026.0,False,5.0,B-TU-012,Turnup,Leak,290.0,286.0,Abnormal,6/17/2026_212019,ทิ้ง
2026-06-24,2026-06-20,2026-06,2026Q2,2026.0,False,4.0,B-TU-012,Turnup,Leak,290.0,227.0,Abnormal,6/20/2026_183030,ทิ้ง
2026-07-11,2026-06-23,2026-06,2026Q2,2026.0,False,18.0,B-TU-012,Turnup,Tear,290.0,189.0,Abnormal,6/23/2026_53441,ทิ้ง
2026-07-14,2026-06-24,2026-06,2026Q2,2026.0,False,20.0,B-TU-012,Turnup,Leak,290.0,246.0,Abnormal,6/24/2026_191250,ทิ้ง
2026-07-10,2026-07-04,2026-07,2026Q3,2026.0,True,6.0,B-TU-004,Turnup,Leak,400.0,379.0,Abnormal,7/4/2026_912,ทิ้ง
2026-06-30,,,,,False,,B-TU-005,Turnup,Leak,680.0,11220.0,Pass,,ทิ้ง
